chandra_index,right_id,label_distance_arcsec
1,204845,0.018683775249199973
2,124532,0.02161871021057526
3,132474,0.002126121887892573
6,383935,0.016091817553151328
8,125005,0.011900103731828966
12,210475,0.013780015562232826
13,109176,0.024634388607719073
15,133761,0.012822418356142657
17,125816,0.0268349992312981
18,100361,0.021215854475985712
22,210170,0.0027697189894700246
24,99815,0.004659401391061832
25,97930,0.026887635991982416
26,128110,0.02035329397601207
27,92837,0.010264944138528144
29,88901,0.026409860480177627
30,94948,0.006981981476244294
32,224892,0.015348636122534056
33,377681,0.005671477492784964
37,75365,0.02152282711790739
40,69301,0.0014342789169989533
41,216903,0.0022303110904312038
43,105048,0.01734437642220618
44,104475,0.020941953672672636
45,99848,0.023580398626940106
46,377597,0.019393009694924846
48,72750,0.012381041596472086
49,71216,0.0062747621859176456
50,238528,0.00395336530003553
57,141875,0.02203518959772915
59,153205,0.021002777769545497
60,146318,0.027045481370336237
63,226147,0.012801398299748207
64,228552,0.0007991425201654438
66,148828,0.003722840247487888
69,138193,0.011998049333994978
72,158779,0.010403698037191574
73,233697,0.025650722145907082
74,139421,0.00014636453594126192
82,118630,0.013604338839291817
85,230131,0.02409071587770085
86,139162,0.0269087450515893
88,146678,0.010860262678076065
91,119473,0.02478458408364482
93,121645,0.0017766702949123818
98,125487,0.003306172149837353
102,123927,0.026717028987030482
105,174358,0.017591215039721206
106,123019,0.02485549512297124
108,224921,0.026062972109294803
109,119583,0.02312278804239644
110,119147,0.015909286444386696
112,120587,0.024555849619304366
114,109383,0.020853744129495484
115,93323,0.01598888978164324
116,98293,0.009219993920668437
119,216329,0.01687052418922839
121,113408,0.019420154762377028
122,116894,0.023400885657200606
125,384389,0.010006804761108365
131,194971,0.0186772841730716
132,241583,0.020170621070444057
133,195663,0.0034108692884811595
134,194778,0.010225623187356906
136,151646,0.02120397414312545
137,165592,0.008624541393712501
139,154562,0.005775790410330525
142,160730,0.013130644281147616
143,231149,0.0008408744274078097
144,159448,0.008770810361179443
149,146575,0.007632832363744108
153,171482,0.019609490710287832
154,240024,0.01703860802672012
155,144205,0.004189477758677098
156,179799,0.004584278194078164
158,179906,0.014477832345998932
159,176877,0.02506062977427798
162,154816,0.0009942543177616106
165,270400,0.010708336980114468
166,174476,0.026014761095282352
170,181936,0.00629959456398414
175,249079,0.022717517448692263
176,163471,0.0008354378826543429
183,137029,0.002686775451225173
187,258644,0.009914555029926407
188,156592,0.017646456974966137
190,136783,0.002053255509213505
192,385825,0.019688871756556085
196,127870,0.00429001583923377
197,131114,0.008093037860327003
198,256760,0.01113924127055593
200,141235,0.018701917421016085
202,145919,0.016065574684959026
203,146610,0.0011722858515827545
204,115329,0.00848522669551715
205,221502,0.018168794079689573
206,201449,0.007041348038867373
208,214001,0.021577995113855313
209,236389,0.027357535962974622
212,201198,0.0121109127497179
221,182406,0.021006717689907545
222,246613,0.011643345366477442
227,193983,0.026486028321729273
233,208276,0.025132749275385266
234,209045,0.024424564363981036
237,202911,0.018704118498567776
239,196026,0.007770139925070587
245,181867,0.025155728775870193
249,177851,0.0006244020799271921
251,176695,0.013043360934996358
255,246951,0.0019465502112052994
257,236267,0.005423154896473374
258,241047,0.022764331237728627
261,230955,0.014836761773760842
262,224999,0.01994487574929666
264,235568,0.017959192219125748
276,176922,0.02067436607633262
281,190635,0.021726550477637684
283,193381,0.014331864886804055
285,212326,0.02392218610196155
286,201153,0.014563510215848962
287,218540,0.023154087959464234
289,246016,0.008977854855151712
290,201229,0.005056891748428684
295,195769,0.014311334717280138
298,391777,0.014953991924700271
300,172298,0.016549938825852196
301,243002,0.01889843973603811
304,252221,0.00884250996696959
306,236189,0.011742980164467037
307,221677,0.011425947593739305
308,230351,0.016966471255359186
309,238908,0.005250906494650422
310,252376,0.001601612800955378
312,240487,0.0011927069116705808
313,241069,0.005379872706486955
317,181557,0.024009925038210145
318,207462,0.0263600652064495
319,97631,0.025446770075819778
321,239249,0.020673505537770594
327,178379,0.014297719695319473
328,167896,0.0024673704129015883
331,244482,0.008068010528753713
337,142797,0.02647903894125249
340,223539,0.004753720945783382
341,254121,0.009786721832871052
344,255089,0.019941526059873056
354,240624,0.002666240192423316
356,232340,0.015212340681372146
357,124129,0.01595546155873752
360,397753,0.021609684518260196
362,240546,0.012907365123434105
365,244651,0.024420969181828574
367,181430,0.022587289274787523
370,248317,8.579800590585673e-05
372,193277,0.01092163726812542
374,254955,0.00543333056457266
376,73278,0.0032727418800858987
377,266480,0.009512969630023939
382,262453,0.020387320758191625
385,194567,0.012925514712442906
390,162754,0.004746164457441852
399,121961,0.012733137695359952
400,263821,0.02351243575962325
407,246020,0.02395446315867938
415,149641,0.012389984124322061
416,271797,0.01269182851872036
425,262959,0.0060689485882238275
428,118226,0.019296922426144978
429,117178,0.024391504831580493
430,126896,0.021094740972690894
435,105353,0.002671413103645385
438,158912,0.0037885749271778764
441,176091,0.011023904373710869
443,261972,0.016175898477197696
446,208195,0.010365468689347093
448,256763,0.00046207912508377256
450,218139,0.0053474656803167465
454,261832,0.01940115940019214
456,168487,0.009642470952789615
459,188755,0.013466748842669097
461,108748,0.025860356285295205
462,208752,0.025604530301150796
463,195779,0.015480112811974013
464,227608,0.021723999436304892
467,121275,0.026182912199645567
468,393992,0.008242378917736928
469,205289,0.02067896759079271
472,118274,0.003106542859068614
473,211850,0.010531737646841241
474,202895,0.0203492916204402
475,221170,0.006548229519225078
477,213203,0.020907406187637655
478,127425,0.020813410497798637
479,215591,0.012540010174131111
480,224862,0.007162427095678444
482,206854,0.01917500702148703
483,227243,0.011542833460340251
484,216345,0.0007362074898308925
485,211611,0.02464449073150626
486,116743,0.01517979216008514
487,247887,0.02332311653337354
488,399596,0.01694714092271834
489,400603,0.006968480188369744
490,258081,0.027372908747519114
491,273711,0.012934450746986657
493,125772,0.022205724304271205
494,287520,0.024564632951930013
495,289253,0.016406540166182926
496,403945,0.010974625478785366
497,282344,0.015013269035590717
498,268350,0.012323662510348922
499,273888,0.0006746877566007708
500,288023,0.004796657667569649
502,284308,0.021581470250781627
504,294788,0.024886193183541905
505,265468,0.012924536669407224
506,266312,0.007194053978657257
507,128245,0.022082126383713475
508,277488,0.0008958135837416782
509,271934,0.011824713913944237
510,275611,0.0010844103385638333
511,278927,0.023763948443318514
512,271502,0.007248838845535399
513,136546,0.01488539305975997
516,162296,0.002617161126254616
517,130690,0.023247889584687813
518,134869,0.02548770979414871
519,200214,0.018679059754534717
520,117266,0.004627260670669926
521,180975,0.015685035874672425
523,182711,0.01935215652334598
524,174845,0.025199467025905746
525,153491,0.013233201528432123
526,111269,0.012558334852646152
527,152436,0.021367631477345918
529,57197,0.024313893740777182
532,128222,0.024844158458634153
534,50031,0.0069417350615671065
536,48196,0.019679300434010807
537,53104,0.023345005160010344
538,43134,0.010434621537979933
539,127908,0.013929186832862164
540,36056,0.018481987571644327
542,37721,0.0014688350118274686
543,138411,0.005566062089366044
544,70053,0.019365776798199
545,81180,0.018117605438222294
547,91810,0.020222112305266486
548,379360,0.00011046136454869522
549,101565,0.004975684756745374
551,101209,0.025758901941734236
552,92777,0.022586690713716075
553,111745,0.010853570970082415
555,109976,0.017965677531823907
556,136902,0.02152300384711659
558,117190,0.007173506778414305
559,112013,0.02743435078476366
561,113742,0.01298358516902102
562,142701,0.014420404536820329
563,382022,0.022831482742843596
564,110443,0.010131354211001956
566,392978,0.011444180886811407
567,120024,0.027110610842829203
568,242152,0.009809138530627315
572,127315,0.01197378822373131
577,140857,0.012928196569425775
580,220815,0.011927553801135467
583,396707,0.014867704592799734
585,197689,0.014366205574609884
586,120218,0.012810376460691287
590,133395,0.0033228286256610957
593,252420,0.009770711559868837
594,130409,0.010386823848150418
600,215048,0.008103691511529648
601,217694,0.007046034848816358
602,131202,0.004642533887072042
603,236302,0.011394206996068926
604,222658,0.024323589079872858
608,133645,0.014318801160784525
611,125974,0.020082714226604733
612,130832,0.010796510259387463
613,131018,0.02351527278244441
614,401698,0.010085545727845854
615,122738,0.017068624372145187
624,138929,0.014517163694858351
625,133664,0.010673914792654384
628,141002,0.023303980423850148
630,97182,0.015601126163140668
631,263642,0.010414401128609951
633,102588,0.01873531327975543
634,107227,0.02398829599907921
636,82387,0.024983760446854603
638,85507,0.024256744890804694
640,278682,0.00784862624827728
643,96147,0.016181567077195716
647,99893,0.015587779258214847
648,172772,0.009473257942178362
651,103632,0.023703801583172902
652,179011,0.0011293907813183035
653,183437,0.01635987695181465
657,117454,0.0049906580041568305
659,125818,0.006210155883358722
660,167365,0.00029509638714172873
661,109054,0.006700597882532645
663,126729,0.01998489773552338
665,184251,0.004724735538307574
667,124189,0.02204238957725625
668,391302,0.013189309741815196
669,390658,0.017156256892877392
671,104318,0.010763806729374485
673,121651,0.024145622286762848
674,98576,0.0063706112038010385
675,215929,0.010686051193694597
676,167628,0.013114758694470381
677,122860,0.022272088637840023
678,120504,0.0009844575412690426
688,97570,0.023492877496201273
689,128910,0.02218434999397458
691,93858,0.0024984637950164327
692,93551,0.010952417670741668
695,226443,0.02600918358557319
696,83633,0.013038052235148716
698,186330,0.01593912573379986
699,88378,0.018872683532300694
700,80983,0.0014196180011224145
703,86718,0.008374407481923307
706,228351,0.010479666887639844
707,84473,0.025022415671647816
708,243491,0.005338381144798094
709,73951,0.024854856725651752
712,82266,0.007122897817281652
714,223098,0.02073384767150787
716,79388,0.018297953423601698
717,106777,0.010242339306544246
718,109854,0.018602019016219648
722,182964,0.00555228803786578
723,105305,0.0018130714376306115
727,106993,0.0027454562596811024
732,101658,0.019775624787885186
737,118936,0.015533537474399462
738,386020,0.017974443722432284
739,90697,0.011192793256677184
743,114941,0.012723383813165073
745,172730,0.008331028319564775
746,105220,0.024349595996720277
747,62174,0.0050681694156505955
748,177487,0.024882253189624604
749,377324,0.0030224544335935707
750,122720,0.02742426061234167
752,84829,0.014905801461477056
757,79693,0.006958276901665656
758,81145,0.01434396526859612
762,183490,0.011827878025757695
763,76335,0.006302349614941728
766,92503,0.016934066202427996
770,106622,0.015263208195146651
772,184936,0.024494269674689945
773,106430,0.008572146482367666
774,179513,0.022908615033022578
775,95276,0.005600895905222925
785,89453,0.0033874814121192297
789,101033,0.007564347212118246
790,394285,0.009230034664987634
793,88691,0.024445510845004917
795,100773,0.014877338777203685
796,133975,0.008221702685316742
797,102796,0.008611994248271916
799,80578,0.0188420279631452
801,135169,0.005629188717220416
802,78222,0.011249932786087281
805,187067,0.0065963326070461355
806,94829,0.016624363628407298
808,76401,0.0008984650007432572
811,74193,0.007103285430243762
812,118798,0.025097130548579736
817,66382,0.02706562722142688
818,58929,0.016003034583932575
819,376211,0.0011251052959714103
829,81793,0.015619216253560149
831,77049,0.02668808885369055
833,84192,0.02147716120037289
835,94456,0.00783303317061674
836,156739,0.018561737899877192
838,79916,0.010889547739615563
840,158473,0.022079979864358383
841,135502,0.016295443344851154
842,75474,0.0038017809899700697
845,94327,0.00027209943670162136
847,170023,0.022940500071835842
848,91080,0.024192879560095006
850,71004,0.008363734809035616
852,93146,0.02342305610675106
855,74452,0.005075492477924172
857,78460,0.005696629623716084
858,166045,0.0044625206258139555
859,159842,0.013082797657743141
860,174437,0.003726267146585072
861,75821,0.021017618821627455
864,81863,0.00820752817543594
867,180931,0.001053656831156287
870,71685,0.0015081492394394473
872,59835,0.011023587926586666
874,180946,0.008779152598428656
875,69562,0.017310216327831144
878,50450,0.018963044824494877
886,52797,0.024904881946119867
888,86014,0.01165278435129934
889,95124,0.00975145103534052
890,54885,0.017764374959286785
891,93669,0.022060172216095162
892,49617,0.011494908362817547
893,74790,0.016741401913917996
895,63401,0.006645086889614614
896,98539,0.019547605257154543
901,79506,0.02735563819246745
902,61164,0.021429046962055907
904,80728,0.01921850024754348
908,84738,0.012604211544286866
909,76634,0.012523613178797048
911,60749,0.001367437625574199
914,78184,0.005228448129425035
917,141905,0.002222442931935672
918,161904,0.02685004207167796
920,147725,0.018421842997741585
921,173856,0.013517232087853836
922,161993,0.027358255957188094
925,149226,0.020861825846279332
929,152708,0.007793363753969312
931,141113,0.006096079877962735
932,140619,0.022283443269515247
933,146594,0.017279258897309524
934,154825,0.006309744072004074
941,154160,0.0012148509633408077
944,187490,0.014480353443245405
945,158298,0.0014169781813861127
946,122115,0.005262014547715718
947,389701,0.00240511901072251
950,162362,0.0035719057179743135
954,155005,0.009595561766853344
957,151747,0.007163807009492008
962,388242,0.020755451660035035
963,389645,0.019335664944183373
965,61939,0.010679338328940411
967,55493,0.005159108888231443
970,66259,0.01893347628770461
971,171510,0.01755791644294664
973,69855,0.023400423267888805
976,184454,0.007790050475369934
977,128242,0.023217158096749797
979,151166,0.00838289864812092
980,155016,0.012311056072454123
983,145837,0.014172574001343682
988,135100,0.011776693028684141
990,145368,0.014203777712970484
994,147313,0.005040853279079483
997,147818,0.019863812930290832
998,379731,0.008714984703052908
1001,145694,0.013783708279338199
1003,53742,0.018540680664360057
1004,61612,0.013290802868593757
1005,185340,0.014512993573502338
1006,132497,0.008303247059452236
1008,142695,0.004262507783227429
1011,139906,0.016621084476829067
1014,67000,0.009628388765132376
1016,137133,0.02445659614849162
1025,87794,0.019786718024462382
1029,122906,0.019558166963663075
1030,144353,0.025292929565586444
1031,130688,0.0003783392153938369
1033,137145,0.011995517448655329
1034,133861,0.007362864170227429
1035,82662,0.00419197911876804
1036,136101,0.025106411954568596
1040,125585,0.017723709223224447
1045,126753,0.02150227260023353
1048,124153,0.020795098978424135
1050,122558,0.02365626906994353
1053,123640,0.015318783413776432
1054,96502,0.02348617764564218
1059,151056,0.014411954234812296
1061,92316,0.006698162735789616
1062,115985,0.007961903393273129
1064,117728,0.004860029917924605
1067,152693,0.010690637890184101
1071,131587,0.0013981494829583424
1073,122180,0.0032507038589177977
1076,253352,0.019585818905831515
1077,123160,0.018558172035616397
1081,119014,0.026119979504969314
1084,258497,0.02248774431205038
1086,125445,0.011778909211057613
1087,401276,0.0066801373736686594
1089,262308,0.007908478707625061
1090,109925,0.027093642423573334
1091,247725,0.013553058645488081
1093,381346,0.0031796896216526194
1095,118379,0.007831999936270023
1096,394764,0.0010872274085302219
1097,121337,0.020543597071643386
1098,151014,0.004051128547178665
1099,124443,0.007144465662683352
1100,110351,0.007819071502579256
1104,184609,0.019366769579866914
1105,123873,0.01884058158081476
1106,107828,0.02177797855772801
1109,97888,0.0002848452749536468
1110,102597,0.012923570848020757
1112,117181,0.027391485282214818
1114,106258,0.009093305871777146
1120,134226,0.0009795603737145966
1122,66653,0.021175324237383112
1123,233400,0.02275100166832718
1124,248156,0.026973073541927038
1125,267816,0.0007965572564386513
1126,402652,0.01716025905044049
1127,267326,0.0013279191508229601
1128,254029,0.020538450790466116
1130,116827,0.0200095755004291
1131,209333,0.014452902003058803
1134,111724,0.025768643082903622
1138,114701,0.008032358998092619
1139,134400,0.0004967687752431315
1140,94381,0.014083726053516137
1141,102523,0.015112369161739954
1142,95093,0.02073530983194381
1143,92721,0.007886149574074526
1144,114972,0.018801086886419658
1145,109912,0.009195446815541674
1147,380433,0.025344951232878655
1149,107718,0.008075842643507846
1150,164417,0.018678931563626305
1151,90288,0.019073105243212256
1152,107845,0.0033399514168554285
1153,190872,0.0027756073922387174
1154,175944,0.023325253182815257
1155,180063,0.015154657283433287
1156,174609,0.02545949837616659
1157,186653,0.02452065506110937
1158,192284,0.001966981952950239
1159,175083,0.011221296869558249
1160,179334,0.024260116380186488
1161,148656,0.012349873307345032
1162,173289,0.023017381200993076
1163,191387,0.0015719253717620442
1164,180144,0.006441615624120935
1165,188096,0.018325646029051984
1166,186167,0.01437880266681285
1167,183070,0.00423896313398953
1168,199932,0.0100736942443183
1169,212654,0.025026810619741303
1170,178258,0.017869911369317575
1172,146218,0.018182504125038374
1173,194053,0.014798876845820354
1174,191722,0.020003507390356737
1175,186459,0.0020308517386049296
1176,183917,0.00315317602176972
1177,200638,0.0022129836982137914
1179,197554,0.01918452581430863
1181,181457,0.005193332934497769
1182,184581,0.02486744389061426
1184,204433,0.02663288607593815
1186,180393,0.017171304204795478
1187,189363,0.010784226376572685
1188,392838,0.02113372020067591
1190,192293,0.00014512613982138882
1192,393379,0.00553813895877456
1194,157136,0.001990959305764055
1195,193356,0.014868563873898996
1196,197180,0.02248926948259302
1198,166864,0.012622183533520884
1199,391248,0.021280591606381596
1200,169023,0.014627317530558943
1201,166654,0.008247421482953507
1202,160798,0.020091735271568763
1203,170998,0.011789703846487616
1204,176274,0.013674986760453721
1206,180089,0.0047093273820390325
1207,180219,0.006412996366713398
1208,175426,0.003795181810744362
1209,189001,0.025278119602195136
1210,196289,0.023289752703197823
1211,199182,0.022330018497667987
1212,198143,0.011779011604659401
1213,153550,0.012387741774427237
1214,164337,0.02528489788233041
1215,148267,0.009338139839898065
1216,168909,0.0009885009750397425
1218,160160,0.009724334395649337
1219,153985,0.006162228995122702
1220,166461,0.00011829355137271493
1222,159124,0.0075940974449305275
1223,145196,0.007224581427997652
1224,149818,0.025027963657758258
1226,151197,0.021110985153086525
1227,158424,0.024521614391075724
1228,152925,0.02050085854139245
1229,190540,0.00035638888789336497
1230,191496,0.027301061007224164
1231,189797,0.008939709458731232
1232,184258,0.01247676653747878
1233,142715,0.012917629819787368
1234,138859,0.020404410268255315
1235,140954,0.025045170943977856
1236,386912,0.018929183915498936
1237,123392,0.020004970207862093
1238,125367,0.02297801329621161
1239,136854,0.02245193314854143
1240,140436,0.0019477214126992837
1242,119446,0.00017115306379282227
1244,133021,0.026801503521151054
1245,131708,0.0006336065879962301
1246,142901,0.021284562000340592
1247,386522,0.0015665665613936483
1248,135877,0.021085928179208485
1249,116930,0.01986911737114502
1250,124118,0.014101422021827738
1252,126051,0.0031529685842797833
1253,134900,0.009494741354513291
1254,128617,0.017568065034359204
1255,202374,0.012660785212322388
1256,211715,0.01672750550047229
1257,195487,0.02067709401937198
1258,140508,0.022648109732955786
1259,197484,0.005514349266862186
1260,205211,0.012040086455585674
1262,211507,0.008315854666163636
1263,206407,0.010744866594702083
1264,217497,0.017348404832947282
1265,211884,0.009940293524063202
1266,214214,0.020616070018140496
1267,216175,0.00900877533673348
1268,200045,0.023463864399794886
1269,145238,0.00021471858540896054
1270,208760,0.024757301952731504
1271,214912,0.004800671180394135
1272,221780,0.005507496977851974
1273,216878,0.0200780890442339
1275,224631,0.022986526119818187
1276,398180,0.004118031867455726
1277,220074,0.007669899208626866
1278,228356,0.000966966414575592
1279,229918,0.000997486485622748
1280,147088,0.0236745956289667
1281,395300,0.0220911306531791
1283,219384,0.0024266207003413986
1288,395835,0.01675140773144651
1290,192736,0.005909269546684394
1291,153005,0.007323348942490871
1292,206975,0.01818937999326081
1293,209733,0.021914150408421772
1294,200667,0.0024854037553941094
1295,202945,0.00828740354185979
1296,194397,0.006205298732018908
1297,206332,0.02225265856008864
1298,177526,0.0003643667322140449
1299,387272,0.022273765052053522
1300,153476,0.007303215850477027
1302,129962,0.014988201048690775
1304,159006,0.004447333715681429
1306,153892,0.01080309823338788
1308,148940,0.02084830010588855
1309,389295,0.025426910698375438
1310,389288,0.026948881810817386
1311,157671,0.018922386569619903
1313,134354,0.010705220272873453
1316,151691,0.005078675369297647
1317,164003,0.016588163265676335
1318,159169,0.014318256034559284
1319,161266,0.026351667340612877
1320,244597,0.02347553993531345
1321,250228,0.004965190735691168
1322,236102,0.02274552836986985
1323,237251,0.00017879491303632325
1324,385943,0.020281189306526826
1325,252852,0.014800121037339794
1327,237935,0.011537711131930382
1329,240714,0.02377233803666642
1331,235380,0.024099035474598355
1332,246474,0.005805522205369014
1333,253127,0.018743889481141578
1334,249947,0.023679354721663222
1335,141676,0.011693209477293732
1336,247001,0.02512764704048532
1337,249175,0.0003465590616993802
1340,267187,0.001444177906882838
1341,258691,0.00543657037816461
1342,252142,0.0009708135703209724
1343,247574,0.01932740066384022
1344,399327,0.01055777865143873
1346,142749,0.024390867437910416
1347,258689,0.01599722637536104
1348,199095,0.024542614031727306
1350,191674,0.0001328969388022205
1352,209824,0.015686704007251445
1353,212848,0.010849338408882952
1354,204276,0.00724187169218483
1356,208992,0.020904563654622503
1357,149527,0.015068574540043317
1358,392883,0.009501545179254991
1360,393197,0.006625122066088937
1361,194983,0.01251250904354824
1362,201918,0.011837686899652021
1364,391854,0.02529192712356441
1365,177340,0.020358939791312015
1367,183515,0.011052060384062675
1369,135729,0.01588221101886166
1370,191728,0.02005134368247492
1372,180679,0.014765030663583223
1373,389137,0.011789634003327155
1374,390978,0.018506456571069696
1375,390034,0.012653042369851722
1376,194266,0.016935171787880683
1377,194644,0.019548825436043308
1378,275933,0.0009505288368684278
1379,275283,0.0007719090554114457
1380,383003,0.009499752145276832
1382,270629,0.005837511527141225
1383,274756,0.0014854257729070128
1385,254949,0.019607724214878396
1386,275523,0.020414461295488278
1387,264416,0.020094335193595332
1388,272533,0.0060717943862614605
1389,280886,0.004129888022417391
1390,263025,0.01295782710631436
1391,146602,0.023207810194603308
1392,271760,0.007583027841266485
1393,274775,0.021243593748476345
1394,266259,0.019784037976105607
1395,278578,0.004911961537273617
1396,276954,0.007009886044433339
1397,278061,0.017780003597750248
1398,224111,0.024123852321810316
1399,226201,0.0006343297620744808
1401,248588,0.025608483343143716
1403,226489,0.015865417101292065
1404,226264,0.008392575438111465
1405,398935,0.020061698537427373
1406,233269,0.021458429816172877
1407,396635,0.0164963118518907
1409,215858,0.019385491327234956
1412,153698,0.010587686497199905
1413,214437,0.009427420816652491
1415,215078,0.021531737211898834
1416,222657,0.002632090966555093
1417,214408,0.0039480359030121485
1419,208674,0.007622652836961379
1420,215322,0.020703975956110638
1423,177475,0.010919381926265048
1425,126603,0.01629890961592709
1427,224997,0.01637964602999043
1430,196353,0.021378775441638225
1432,220013,0.022448908080670835
1433,225658,0.0020574049068918217
1434,165620,0.0004781269613994895
1436,257750,0.0027706983186290947
1437,250490,0.0067312813588581545
1438,99880,0.025565980333915488
1441,103138,0.018488916858410902
1443,175310,0.005506504944709622
1445,61286,0.009562446302228732
1446,83908,0.017881935063955367
1447,149570,0.016162477121068764
1448,170552,0.012998385727326808
1449,168765,0.010187757656447536
1451,161320,0.0061797922879398785
1452,145762,0.027346909581894986
1453,126511,0.0071206104686279805
1457,112790,0.01588616405005019
1459,160833,0.01688392064331631
1460,96072,0.017066281175499506
1463,184133,0.003664762798442039
1466,162761,0.015612922311351002
1467,175009,0.021333203714084172
1470,182805,0.0020008920438746723
1471,218387,0.0017041875294354066
1472,211405,0.011555221306488008
1475,228676,0.025085241122641926
1478,205775,0.013669614044092457
1480,202745,0.015202772704489243
1481,163763,0.0005471583186338845
1482,243122,0.016471004335996204
1483,257579,0.004299338803976728
1485,193286,0.0020573459075844363
1487,205454,0.02148390996540784
1488,211619,0.018199065195614112
1490,211929,0.013481185574673009
1500,119450,0.012295595954369427
1501,395236,0.0018208755215553673
1503,127994,0.002410804534675559
1504,113303,0.012153440262537072
1505,88183,0.006854323583586711
1509,41779,0.012679467298830885
1510,74038,0.01730694837367688
1511,219669,0.009392712303001963
1512,64506,0.0026820180048017623
1518,198052,0.02445920549534012
1519,121550,0.017132431001254018
1520,208683,0.002021129996563191
1521,221980,0.025957348235077903
1525,199398,0.012018236084728262
1527,228843,0.027251257304881347
1528,169889,0.0003538804612121177
1530,141810,0.00797219357498479
1531,129780,0.018217224667150162
1532,133669,0.0234326221824685
1537,229486,0.0017576384627228901
1541,190548,0.0037349784705171902
1543,215644,0.002583681950306388
1544,184544,0.015666126793538286
1546,205202,0.01104932932055131
1547,184760,0.024488739991678474
1552,245820,0.024213371934943505
1553,212855,0.012760743644476373
1562,105049,0.00851541864636936
1563,217523,0.005453350136635206
1570,95000,0.016546929311423438
1572,225024,0.014548791553387657
1578,109809,0.019518845920335506
1579,77179,0.0004484196524320794
1580,89942,0.00644564706631075
1582,97555,0.009393585041692935
1589,229613,0.011166911478943064
1592,155730,0.02067215415579435
1598,187634,0.025554788471413282
1601,131483,0.0025127267177983297
1605,111769,0.01978177414977699
1608,187878,0.013229648950451338
1615,188542,0.01032835550790131
1616,177379,0.010104581173052959
1617,390307,0.0075203744302910405
1618,193304,0.021508576432619445
1620,190332,0.024820453606461287
1625,141872,0.009281538908773332
1628,188436,0.023339169249383108
1629,202364,0.006607869889923822
1630,208475,0.008040312404401746
1634,186426,0.011107710527887843
1635,190761,0.02344085310579565
1637,215861,0.01705506887213572
1643,207767,0.005157130086256128
1645,211070,0.005599086744304057
1651,174769,0.02378705657568117
1652,174010,0.019612892933848457
1653,184637,0.011170958483523412
1655,171270,0.025944591261594777
1656,185927,0.02493447267713877
1657,151412,0.004961566630610338
1658,208303,0.018510047073470624
1659,147615,0.024286726323760343
1660,139479,0.022696433448514186
1662,151322,0.008923546529908679
1664,157440,0.024416365710280212
1669,219070,0.01642626907205757
1671,384553,0.0043230031864233244
1672,131532,0.0006935982658900718
1673,177606,0.0052548356489429465
1675,172862,0.021467778223823387
1678,167311,0.012865519275550512
1680,212127,0.0015480853671578226
1685,154790,0.010971531260104224
1687,152056,0.01995338445769422
1688,215360,0.0261003696967147
1689,147835,0.019469570302172824
1691,200487,0.008276668934477748
1692,210304,0.005017179369962356
1694,221109,0.019333007260343982
1695,230017,0.0034347668497089865
1696,174607,0.0232477480064847
1697,174012,0.020326157703190222
1698,200132,0.022014021204854333
1699,208035,0.0252496730596861
1700,189924,0.02358582553335121
1701,196727,0.015533755800510394
1702,201592,0.009943435245306928
1704,191428,0.01014718264706065
1707,190616,0.010559518791626255
1708,205044,0.00936329757862049
1710,196814,0.02584175815714516
1711,203555,0.0006477067303786553
1715,208040,0.021658640674172655
1716,212604,0.0023973586251951097
1719,207872,0.017851447981182215
1721,207757,0.027385327303252698
1723,183759,0.01577944746644033
1724,392155,0.017963237745841378
1726,397943,0.006007350336461382
1729,220168,0.011019786940383402
1731,396019,0.04097644962591039
1732,210171,0.01828664258501655
1734,248688,0.006564156848556072
1736,229133,0.02588874627417111
1737,267814,0.01765865016330987
1745,59635,0.0
1750,65470,0.0
1752,69278,0.0
1760,32587,0.0
1762,43556,0.0
1763,36558,0.0
1765,39841,0.0
1767,39277,0.0
1768,21735,0.0
1769,30887,0.0
1770,29799,0.0
1773,16277,0.0
1774,261279,0.0
1776,49122,0.0
1778,77218,0.0
1779,54459,0.0
1782,57260,0.0
1783,50314,0.0
1784,39012,0.0
1786,377775,0.0
1787,54159,0.0
1788,26286,0.0
1789,68886,0.0
1790,46815,0.0
1791,66543,0.0
1799,375884,0.0
1800,67602,0.0
1802,36301,0.0
1803,67275,0.0
1804,37198,0.0
1806,30826,0.0
1807,60035,0.0
1808,60973,0.0
1809,29678,0.0
1810,40111,0.0
1811,60930,0.0
1812,19110,0.0
1813,53028,0.0
1814,22547,0.0
1819,22956,0.0
1821,56061,0.0
1823,59557,0.0
1827,23510,0.0
1829,15443,0.0
1831,36629,0.0
1832,17184,0.0
1834,14676,0.0
1835,10061,0.0
1837,17719,0.0
1838,15099,0.0
1840,23784,0.0
1842,8914,0.0
1849,21635,0.0
1851,39459,0.0
1852,38975,0.0
1855,27846,0.0
1873,25257,0.0
1874,34781,0.0
1876,39044,0.0
1877,16118,0.0
1878,20511,0.0
1881,31986,0.0
1889,371820,0.0
1891,45015,0.0
1896,45141,0.0
1901,25155,0.0
1903,35605,0.0
1904,37703,0.0
1905,54565,0.0
1907,372098,0.0
1908,24963,0.0
1910,22778,0.0
1912,43618,0.0
1913,37815,0.0
1914,43195,0.0
1917,40001,0.0
1918,36859,0.0
1920,34925,0.0
1923,242025,0.0
1925,23335,0.0
1926,30412,0.0
1928,27217,0.0
1933,36894,0.0
1936,244046,0.0
1937,236508,0.0
1938,240844,0.0
1939,235788,0.0
1940,235049,0.0
1942,239024,0.0
1943,90938,0.0
1944,231224,0.0
1945,235047,0.0
1948,29962,0.0
1949,251256,0.0
1951,29697,0.0
1952,45560,0.0
1954,52259,0.0
1955,60673,0.0
1958,49726,0.0
1959,54064,0.0
1960,62335,0.0
1963,79086,0.0
1964,92924,0.0
1965,76950,0.0
1966,72403,0.0
1967,91400,0.0
1969,89198,0.0
1976,102146,0.0
1978,105717,0.0
1979,95456,0.0
1980,382403,0.0
1981,255323,0.0
1982,111486,0.0
1984,116928,0.0
1987,135618,0.0
1989,145257,0.0
1991,140060,0.0
1992,234768,0.0
1993,383984,0.0
1995,143409,0.0
1996,146449,0.0
1998,164409,0.0
2000,161159,0.0
2002,157033,0.0
2003,179433,0.0
2005,158636,0.0
2006,154414,0.0
2009,181019,0.0
2010,188158,0.0
2011,181753,0.0
2012,181424,0.0
2013,37979,0.0
2014,48438,0.0
2015,76244,0.0
2016,56793,0.0
2018,30323,0.0
2019,259252,0.0
2020,19825,0.0
2021,371665,0.0
2022,52907,0.0
2023,21475,0.0
2024,27261,0.0
2025,39639,0.0
2026,58835,0.0
2029,40814,0.0
2033,10554,0.0
2035,53108,0.0
2036,27071,0.0
2037,34844,0.0
2038,66828,0.0
2039,377902,0.0
2040,70809,0.0
2043,68369,0.0
2044,72027,0.0
2045,75627,0.0
2046,71760,0.0
2047,68131,0.0
2049,60669,0.0
2050,69134,0.0
2051,71008,0.0
2052,378670,0.0
2053,376719,0.0
2054,379913,0.0
2056,380081,0.0
2057,105878,0.0
2060,107712,0.0
2062,380867,0.0
2063,90992,0.0
2065,113152,0.0
2068,378672,0.0
2070,101901,0.0
2072,115396,0.0
2074,120837,0.0
2077,143070,0.0
2078,122752,0.0
2079,137964,0.0
2080,123793,0.0
2081,130397,0.0
2082,121408,0.0
2083,121104,0.0
2084,116905,0.0
2087,140743,0.0
2088,156511,0.0
2089,93136,0.0
2092,386096,0.0
2093,386861,0.0
2094,389614,0.0
2095,159566,0.0
2098,166457,0.0
2099,159821,0.0
2100,166791,0.0
2101,167224,0.0
2102,162246,0.0
2103,167558,0.0
2105,164926,0.0
2106,155212,0.0
2107,150122,0.0
2108,158317,0.0
2111,187754,0.0
2113,192531,0.0
2114,177908,0.0
2115,180971,0.0
2116,179983,0.0
2117,173635,0.0
2118,186258,0.0
2119,179531,0.0
2121,152604,0.0
2125,212007,0.0
2127,199861,0.0
2128,167969,0.0
2129,191332,0.0
2134,60348,0.0
2135,50565,0.0
2136,77748,0.0
2138,73903,0.0
2139,402374,0.0
2141,42067,0.0
2142,48539,0.0
2143,371720,0.0
2144,69729,0.0
2145,35157,0.0
2148,46084,0.0
2149,46136,0.0
2151,33129,0.0
2152,31908,0.0
2153,52754,0.0
2154,41089,0.0
2157,59416,0.0
2158,59393,0.0
2159,58443,0.0
2160,264529,0.0
2162,32416,0.0
2165,85690,0.0
2168,103402,0.0
2169,96924,0.0
2173,97194,0.0
2175,99408,0.0
2176,100184,0.0
2179,79931,0.0
2180,75111,0.0
2183,92402,0.0
2184,86158,0.0
2185,74773,0.0
2186,80708,0.0
2188,128621,0.0
2189,115949,0.0
2191,132144,0.0
2192,118933,0.0
2193,127590,0.0
2196,140084,0.0
2198,141886,0.0
2199,122173,0.0
2200,119818,0.0
2207,385135,0.0
2209,384785,0.0
2211,103768,0.0
2216,113572,0.0
2222,258410,0.0
2223,217576,0.0
2225,210286,0.0
2226,201176,0.0
2227,200868,0.0
2228,197016,0.0
2230,200128,0.0
2232,205419,0.0
2235,213977,0.0
2237,214731,0.0
2238,394841,0.0
2239,199656,0.0
2240,195209,0.0
2243,199558,0.0
2245,213566,0.0
2249,206489,0.0
2252,260340,0.0
2253,275311,0.0
2255,268962,0.0
2257,258558,0.0
2259,403076,0.0
2261,401587,0.0
2263,272040,0.0
2264,397528,0.0
2265,399367,0.0
2266,230128,0.0
2267,247257,0.0
2268,276080,0.0
2269,252478,0.0
2271,243745,0.0
2273,227755,0.0
2274,226006,0.0
2275,398697,0.0
2276,215872,0.0
2277,214725,0.0
2281,276272,0.0
2283,264746,0.0
2285,276063,0.0
2288,275912,0.0
2289,279468,0.0
2290,255134,0.0
2291,256869,0.0
2292,263783,0.0
2295,246912,0.0
2296,282378,0.0
2297,251879,0.0
2298,247824,0.0
2299,260543,0.0
2302,400107,0.0
2303,281770,0.0
2306,257041,0.0
2307,257364,0.0
2313,226337,0.0
2314,226336,0.0
2316,220772,0.0
2318,228855,0.0
2319,231550,0.0
2320,221785,0.0
2321,228778,0.0
2322,276815,0.0
2323,285302,0.0
2324,252004,0.0
2325,245405,0.0
2327,253357,0.0
2329,266448,0.0
2331,281423,0.0
2333,269539,0.0
2335,266582,0.0
2336,260899,0.0
2337,267854,0.0
2341,283818,0.0
2346,276119,0.0
2352,244018,0.0
2355,231228,0.0
2358,259193,0.0
2364,401908,0.0
2367,241325,0.0
2373,289981,0.0
2374,251813,0.0
2381,225097,0.0
2395,258406,0.0
2400,251891,0.0
2401,282035,0.0
2411,405022,0.0
2414,329602,0.0
2416,270544,0.0
2424,263438,0.0
2426,408340,0.0
2428,293536,0.0
2430,313194,0.0
2432,312445,0.0
2434,325056,0.0
2441,406298,0.0
2442,304758,0.0
2443,297469,0.0
2455,316953,0.0
2459,331341,0.0
2460,301218,0.0
2472,281922,0.0
2475,260044,0.0
2479,291404,0.0
2480,276618,0.0
2481,294307,0.0
2482,320072,0.0
2485,277686,0.0
2491,308758,0.0
2493,405851,0.0
2494,285933,0.0
2496,289605,0.0
2497,304802,0.0
2510,293214,0.0
2517,311649,0.0
2518,322307,0.0
2520,405579,0.0
2529,404880,0.0
2530,292657,0.0
2531,323462,0.0
2532,306173,0.0
2533,402774,0.0
2538,203110,0.0
2542,222650,0.0
2543,184144,0.0
2549,286553,0.0
2552,163084,0.0
2555,149556,0.0
2558,143460,0.0
2560,159321,0.0
2563,385506,0.0
2565,405729,0.0
2567,283650,0.0
2569,308019,0.0
2570,227389,0.0
2581,203312,0.0
2583,278383,0.0
2590,405296,0.0
2594,405368,0.0
2598,317340,0.0
2605,310393,0.0
2607,277652,0.0
2615,279391,0.0
2624,289987,0.0
2626,380941,0.0
2635,380061,0.0
2638,229971,0.0
2639,63438,0.0
2641,56454,0.0
2651,232988,0.0
2666,50302,0.0
2671,33702,0.0
2673,231795,0.0
2675,31845,0.0
2676,11962,0.0
2679,228055,0.0
2686,225317,0.0
2687,227522,0.0
2691,227228,0.0
2695,376698,0.0
2697,225593,0.0
2699,42328,0.0
2706,22839,0.0
2710,377067,0.0
2718,372751,0.0
2719,372076,0.0
2720,60394,0.0
2730,398508,0.0
2731,16407,0.0
2733,39916,0.0
2738,32333,0.0
2740,253107,0.0
2747,398450,0.0
2752,371893,0.0
2761,251527,0.0
2766,25869,0.0
2774,369981,0.0
2775,44756,0.0
2776,31844,0.0
2778,53771,0.0
2779,239929,0.0
2780,400887,0.0
2785,264553,0.0
2786,402464,0.0
2791,53431,0.0
2792,376470,0.0
2794,249298,0.0
2801,243727,0.0
2807,254081,0.0
2810,130258,0.0
2813,150226,0.0
2816,255835,0.0
2822,390772,0.0
2824,183192,0.0
2826,371213,0.0
2828,65985,0.0
2830,23329,0.0
2833,284563,0.0
2835,27864,0.0
2839,379981,0.0
2841,280538,0.0
2850,267870,0.0
2864,137428,0.0
2870,282159,0.0
2872,154486,0.0
2877,389570,0.0
2878,274276,0.0
2883,60362,0.0
2885,58012,0.0
2886,53615,0.0
2887,403505,0.0
2889,71738,0.0
2896,264836,0.0
2907,279897,0.0
2911,270517,0.0
2914,222616,0.0
2915,220002,0.0
2916,222912,0.0
2917,211102,0.0
2926,239679,0.0
2929,396730,0.0
2934,398683,0.0
2935,262757,0.0
2951,273544,0.0
2954,288498,0.0
2955,295258,0.0
2960,321126,0.0
2966,284056,0.0
2972,236200,0.0
2974,292891,0.0
2977,401800,0.0
2979,401528,0.0
2981,297046,0.0
2982,243996,0.0
2985,240166,0.0
2988,274529,0.0
2993,284573,0.0
2995,404161,0.0
3002,292761,0.0
3015,285149,0.0
3019,274286,0.0
3020,254307,0.0
3025,282981,0.0
3027,272179,0.0
3031,331884,0.0
3032,287909,0.0
3034,322698,0.0
3039,264936,0.0
3045,277327,0.0
3061,284930,0.0
3072,299724,0.0
3082,265439,0.0
3083,241762,0.0
3090,306358,0.0
3092,301185,0.0
3095,273749,0.0
3100,295125,0.0
3107,309134,0.0
3122,301307,0.0
3126,316794,0.0
3132,300979,0.0
3134,278677,0.0
3136,243717,0.0
3137,319472,0.0
3138,263534,0.0
3150,297538,0.0
3153,155283,0.0
3156,305505,0.0
3161,288047,0.0
3168,309753,0.0
3176,168239,0.0
3181,295268,0.0
3183,317541,0.0
3185,318498,0.0
3187,311800,0.0
3188,293105,0.0
3191,307341,0.0
3192,313107,0.0
3196,294270,0.0
3197,301593,0.0
3201,301224,0.0
3211,297736,0.0
3212,83401,0.0
3214,292386,0.0
3217,100980,0.0
3226,59675,0.0
3227,280477,0.0
3234,309896,0.0
3239,29402,0.0
3242,304209,0.0
3244,302893,0.0
3246,306826,0.0
3248,292956,0.0
3253,70394,0.0
3256,335826,0.0
3262,314704,0.0
3276,316657,0.0
3282,35625,0.0
3284,45971,0.0
3286,323843,0.0
3289,35871,0.0
3297,308047,0.0
3302,326509,0.0
3304,38882,0.0
3310,308045,0.0
3316,309404,0.0
3318,304353,0.0
3319,308169,0.0
3321,301794,0.0
3327,322886,0.0
3332,27962,0.0
3335,59985,0.0
3336,61129,0.0
3345,101465,0.0
3356,295279,0.0
3364,301075,0.0
3372,181212,0.0
3380,30568,0.0
3386,305106,0.0
3391,86076,0.0
3394,296785,0.0
3404,91233,0.0
3405,85558,0.0
3408,131571,0.0
3410,321252,0.0
3412,130645,0.0
3416,161004,0.0
3419,331852,0.0
3429,179278,0.0
3432,378701,0.0
3433,335573,0.0
3439,65430,0.0
3450,292618,0.0
3456,396233,0.0
3462,294350,0.0
3464,290719,0.0
3471,227254,0.0
3472,300266,0.0
3480,260365,0.0
3484,303817,0.0
3490,284629,0.0
3494,406635,0.0
3495,258738,0.0
3496,246811,0.0
3498,321861,0.0
3499,406565,0.0
3502,301901,0.0
3505,309165,0.0
3509,246068,0.0
3510,322154,0.0
3512,296648,0.0
3518,284098,0.0
3519,408130,0.0
3521,314040,0.0
3523,406151,0.0
3524,263386,0.0
3526,312528,0.0
3528,315129,0.0
3533,294832,0.0
3539,303253,0.0
3544,335086,0.0
3545,308574,0.0
3546,297540,0.0
3548,299892,0.0
3553,282949,0.0
3555,325440,0.0
3561,300225,0.0
3563,321538,0.0
3565,332250,0.0
3576,308007,0.0
3583,325114,0.0
3587,302409,0.0
3588,324919,0.0
3590,329192,0.0
3592,258470,0.0
3594,266241,0.0
3597,261151,0.0
3603,398403,0.0
3608,263650,0.0
3619,246062,0.0
3622,272170,0.0
3625,276285,0.0
3626,37117,0.0
3628,273082,0.0
3632,285404,0.0
3633,273901,0.0
3637,279673,0.0
3641,274931,0.0
3644,281726,0.0
3646,275992,0.0
3648,283202,0.0
3651,294768,0.0
3655,296480,0.0
3658,298108,0.0
3663,295423,0.13974631906363238
3663,405175,0.0
3664,288979,0.0
3665,268252,0.0
3669,283133,0.0
3671,317639,0.0
3672,298460,0.0
3673,33869,0.0
3677,320106,0.0
3678,305077,0.0
3684,296196,0.0
3686,311146,0.0
3688,299033,0.0
3692,273333,0.0
3696,280187,0.0
3701,402924,0.0
3704,278344,0.0
3712,284862,0.0
3713,287050,0.0
3715,402068,0.0
3721,404372,0.0
3722,288497,0.0
3726,306260,0.0
3727,307110,0.0
3731,299309,0.0
3732,333293,0.0
3734,298463,0.0
3737,332586,0.0
3740,290304,0.0
3742,313246,0.0
3743,316843,0.0
3746,326523,0.0
3747,302565,0.0
3748,304037,0.0
3749,278457,0.0
3751,262979,0.0
3753,321342,0.0
3758,296319,0.0
3759,406280,0.0
3762,304904,0.0
3763,300046,0.0
3769,301195,0.0
3771,317575,0.0
3773,284140,0.0
3774,297834,0.0
3775,287570,0.0
3778,312117,0.0
3780,302842,0.0
3785,326859,0.0
3788,372519,0.0
3790,297602,0.0
3793,271130,0.0
3798,406833,0.0
3799,319638,0.0
3800,319713,0.0
3805,312546,0.0
3807,296786,0.0
3808,293728,0.0
3810,286928,0.0
3811,288318,0.0
3813,326575,0.0
3814,289459,0.0
3816,332937,0.0
3817,277714,0.0
3818,259672,0.0
3819,258353,0.0
3820,159963,0.0
3823,245520,0.0
3826,394189,0.0
3829,209494,0.0
3830,207816,0.0
3833,205859,0.0
3834,202679,0.0
3836,209876,0.0
3838,211535,0.0
3841,206435,0.0
3842,181375,0.0
3844,195318,0.0
3846,201785,0.0
3849,194380,0.0
3850,182256,0.0
3851,153527,0.0
3852,150503,0.0
3855,149825,0.0
3856,163190,0.0
3859,171862,0.0
3860,142463,0.0
3861,162659,0.0
3862,162578,0.0
3863,162193,0.0
3865,152382,0.0
3868,130044,0.0
3869,116390,0.0
3870,111927,0.0
3871,148333,0.0
3872,138805,0.0
3873,138746,0.0
3875,139105,0.0
3876,138705,0.0
3878,139655,0.0
3879,139736,0.0
3880,227602,0.0
3882,126100,0.0
3883,293990,0.0
3884,284886,0.0
3885,296561,0.0
3886,303153,0.0
3887,288887,0.0
3888,288394,0.0
3889,297675,0.0
3890,306250,0.0
3891,288957,0.0
3892,285683,0.0
3893,248369,0.0
3894,287376,0.0
3896,222774,0.0
3898,212295,0.0
3900,215590,0.0
3901,207726,0.0
3902,208579,0.0
3903,206908,0.0
3905,212864,0.0
3906,392586,0.0
3907,183198,0.0
3912,199200,0.0
3913,170388,0.0
3914,184369,0.0
3916,195198,0.0
3918,193678,0.0
3919,207162,0.0
3921,183814,0.0
3923,201725,0.0
3925,186738,0.0
3927,200028,0.0
3928,202577,0.0
3931,195441,0.0
3934,389448,0.0
3935,180843,0.0
3938,177042,0.0
3939,185204,0.0
3941,193179,0.0
3943,392176,0.0
3944,200445,0.0
3945,290967,0.0
3946,295220,0.0
3948,404680,0.0
3949,405369,0.0
3950,292791,0.0
3951,303963,0.0
3952,280782,0.0
3955,290046,0.0
3956,300768,0.0
3957,302869,0.0
3958,323948,0.0
3959,304925,0.0
3960,295140,0.0
3962,298008,0.0
3963,298351,0.0
3964,297368,0.0
3965,301849,0.0
3966,289663,0.0
3967,293683,0.0
3974,241495,0.0
3975,283692,0.0
3976,257804,0.0
3979,262373,0.0
3980,278333,0.0
3981,113034,0.0
3982,129827,0.0
3983,98932,0.0
3984,380438,0.0
3988,115002,0.0
3990,83474,0.0
3995,41206,0.0
3997,52574,0.0
3998,61800,0.0
3999,80318,0.0
4000,54730,0.0
4002,63378,0.0
4003,37343,0.0
4004,57847,0.0
4005,75305,0.0
4006,77122,0.0
4007,71633,0.0
4012,66848,0.0
4013,61236,0.0
4014,70600,0.0
